Segment,Country,Product,Discount Band,Units Sold,Manufacturing Price,Sale Price,Discounts,COGS,Date
Channel Partners,Canada,Amarilla,High,2761,260,12,3975.84,8283,2013-09-01 00:00:00
Channel Partners,Canada,Amarilla,High,3520.5,260,12,4224.6,10561.5,2014-04-01 00:00:00
Channel Partners,Canada,Carretera,High,1937,3,12,2556.84,5811,2014-02-01 00:00:00
Channel Partners,Canada,Carretera,Low,908,3,12,326.88,2724,2013-12-01 00:00:00
Channel Partners,Canada,Carretera,Low,1445,3,12,173.4,4335,2014-09-01 00:00:00
Channel Partners,Canada,Carretera,Low,1295,3,12,310.8,3885,2014-10-01 00:00:00
Channel Partners,Canada,Carretera,Medium,2299,3,12,1655.28,6897,2013-10-01 00:00:00
Channel Partners,Canada,Carretera,Medium,1884,3,12,1582.56,5652,2014-08-01 00:00:00
Channel Partners,Canada,Montana,Medium,2321,5,12,2506.68,6963,2014-11-01 00:00:00
Channel Partners,Canada,Montana,None,2518,5,12,0,7554,2014-06-01 00:00:00
Channel Partners,Canada,Paseo,High,2222,10,12,3732.96,6666,2013-11-01 00:00:00
Channel Partners,Canada,Paseo,High,4026,10,12,5314.32,12078,2014-07-01 00:00:00
Channel Partners,Canada,Paseo,Low,1295,10,12,310.8,3885,2014-10-01 00:00:00
Channel Partners,Canada,Paseo,Medium,2299,10,12,1655.28,6897,2013-10-01 00:00:00
Channel Partners,Canada,Paseo,Medium,2431,10,12,1458.6,7293,2014-12-01 00:00:00
Channel Partners,Canada,Paseo,None,2518,10,12,0,7554,2014-06-01 00:00:00
Channel Partners,Canada,Velo,Medium,598,120,12,574.08,1794,2014-03-01 00:00:00
Channel Partners,Canada,Velo,Medium,2431,120,12,1458.6,7293,2014-12-01 00:00:00
Channel Partners,Canada,VTT,High,2109,250,12,3036.96,6327,2014-05-01 00:00:00
Channel Partners,Canada,VTT,Medium,3244.5,250,12,2725.38,9733.5,2014-01-01 00:00:00
Channel Partners,France,Amarilla,High,2475,260,12,4158,7425,2014-08-01 00:00:00
Channel Partners,France,Amarilla,High,1393,260,12,2340.24,4179,2014-10-01 00:00:00
Channel Partners,France,Amarilla,Medium,306,260,12,330.48,918,2013-12-01 00:00:00
Channel Partners,France,Carretera,High,1198,3,12,1581.36,3594,2013-10-01 00:00:00
Channel Partners,France,Carretera,Low,2671,3,12,320.52,8013,2014-09-01 00:00:00
Channel Partners,France,Carretera,Medium,1865,3,12,1119,5595,2014-02-01 00:00:00
Channel Partners,France,Montana,Low,1901,5,12,684.36,5703,2014-06-01 00:00:00
Channel Partners,France,Montana,Medium,2342,5,12,1967.28,7026,2014-11-01 00:00:00
Channel Partners,France,Paseo,High,1198,10,12,1581.36,3594,2013-10-01 00:00:00
Channel Partners,France,Paseo,High,2425.5,10,12,3201.66,7276.5,2014-07-01 00:00:00
Channel Partners,France,Paseo,High,1393,10,12,2340.24,4179,2014-10-01 00:00:00
Channel Partners,France,Paseo,Low,1785,10,12,428.4,5355,2013-11-01 00:00:00
Channel Partners,France,Paseo,Low,1901,10,12,684.36,5703,2014-06-01 00:00:00
Channel Partners,France,Paseo,Low,1055,10,12,253.2,3165,2014-12-01 00:00:00
Channel Partners,France,Velo,Low,1055,120,12,253.2,3165,2014-12-01 00:00:00
Channel Partners,France,Velo,Medium,1967,120,12,2124.36,5901,2014-03-01 00:00:00
Channel Partners,France,VTT,High,1734,250,12,2288.88,5202,2014-01-01 00:00:00
Channel Partners,France,VTT,Low,866,250,12,415.68,2598,2014-05-01 00:00:00
Channel Partners,France,VTT,Medium,2234,250,12,2412.72,6702,2013-09-01 00:00:00
Channel Partners,France,VTT,Medium,1738.5,250,12,1460.34,5215.5,2014-04-01 00:00:00
Channel Partners,Germany,Amarilla,High,1770,260,12,2761.2,5310,2013-12-01 00:00:00
Channel Partners,Germany,Amarilla,High,2574,260,12,3088.8,7722,2014-08-01 00:00:00
Channel Partners,Germany,Amarilla,High,472,260,12,623.04,1416,2014-10-01 00:00:00
Channel Partners,Germany,Carretera,Low,766,3,12,91.92,2298,2013-10-01 00:00:00
Channel Partners,Germany,Carretera,Medium,1116,3,12,669.6,3348,2014-02-01 00:00:00
Channel Partners,Germany,Carretera,Medium,1580,3,12,1706.4,4740,2014-09-01 00:00:00
Channel Partners,Germany,Montana,Medium,2342,5,12,1405.2,7026,2014-11-01 00:00:00
Channel Partners,Germany,Montana,None,1545,5,12,0,4635,2014-06-01 00:00:00
Channel Partners,Germany,Paseo,High,1013,10,12,1580.28,3039,2014-12-01 00:00:00
Channel Partners,Germany,Paseo,Low,766,10,12,91.92,2298,2013-10-01 00:00:00
Channel Partners,Germany,Paseo,Medium,1775,10,12,1917,5325,2013-11-01 00:00:00
Channel Partners,Germany,Paseo,None,367,10,12,0,1101,2014-07-01 00:00:00
Channel Partners,Germany,Velo,High,472,120,12,623.04,1416,2014-10-01 00:00:00
Channel Partners,Germany,Velo,High,1013,120,12,1580.28,3039,2014-12-01 00:00:00
Channel Partners,Germany,Velo,None,2161,120,12,0,6483,2014-03-01 00:00:00
Channel Partners,Germany,Velo,None,1545,120,12,0,4635,2014-06-01 00:00:00
Channel Partners,Germany,VTT,Low,2479,250,12,892.44,7437,2014-01-01 00:00:00
Channel Partners,Germany,VTT,Medium,2215,250,12,1860.6,6645,2013-09-01 00:00:00
Channel Partners,Germany,VTT,Medium,880,250,12,950.4,2640,2014-05-01 00:00:00
Channel Partners,Germany,VTT,None,2838,250,12,0,8514,2014-04-01 00:00:00
Channel Partners,Mexico,Amarilla,High,410,260,12,639.6,1230,2014-10-01 00:00:00
Channel Partners,Mexico,Amarilla,Medium,1375,260,12,1320,4125,2013-12-01 00:00:00
Channel Partners,Mexico,Amarilla,Medium,1123,260,12,673.8,3369,2014-08-01 00:00:00
Channel Partners,Mexico,Carretera,Medium,367,3,12,396.36,1101,2013-10-01 00:00:00
Channel Partners,Mexico,Carretera,Medium,727,3,12,610.68,2181,2014-02-01 00:00:00
Channel Partners,Mexico,Carretera,Medium,562,3,12,404.64,1686,2014-09-01 00:00:00
Channel Partners,Mexico,Montana,High,2661,5,12,3831.84,7983,2014-05-01 00:00:00
Channel Partners,Mexico,Montana,High,604,5,12,942.24,1812,2014-06-01 00:00:00
Channel Partners,Mexico,Montana,Low,690,5,12,165.6,2070,2014-11-01 00:00:00
Channel Partners,Mexico,Montana,Medium,2340,5,12,1965.6,7020,2014-01-01 00:00:00
Channel Partners,Mexico,Paseo,High,571,10,12,890.76,1713,2014-07-01 00:00:00
Channel Partners,Mexico,Paseo,Low,1084,10,12,260.16,3252,2014-12-01 00:00:00
Channel Partners,Mexico,Paseo,Medium,367,10,12,396.36,1101,2013-10-01 00:00:00
Channel Partners,Mexico,Paseo,Medium,2763,10,12,2320.92,8289,2013-11-01 00:00:00
Channel Partners,Mexico,Velo,High,500,120,12,900,1500,2014-03-01 00:00:00
Channel Partners,Mexico,Velo,High,604,120,12,942.24,1812,2014-06-01 00:00:00
Channel Partners,Mexico,Velo,High,410,120,12,639.6,1230,2014-10-01 00:00:00
Channel Partners,Mexico,Velo,Low,1084,120,12,260.16,3252,2014-12-01 00:00:00
Channel Partners,Mexico,VTT,High,1005,250,12,1326.6,3015,2013-09-01 00:00:00
Channel Partners,Mexico,VTT,Low,1916,250,12,689.76,5748,2014-04-01 00:00:00
Channel Partners,United States of America,Amarilla,High,2015,260,12,3385.2,6045,2013-12-01 00:00:00
Channel Partners,United States of America,Amarilla,High,2914,260,12,4895.52,8742,2014-10-01 00:00:00
Channel Partners,United States of America,Amarilla,Low,1989,260,12,238.68,5967,2013-09-01 00:00:00
Channel Partners,United States of America,Amarilla,None,1953,260,12,0,5859,2014-04-01 00:00:00
Channel Partners,United States of America,Amarilla,None,2141,260,12,0,6423,2014-08-01 00:00:00
Channel Partners,United States of America,Carretera,High,386,3,12,463.2,1158,2013-10-01 00:00:00
Channel Partners,United States of America,Carretera,Low,1858,3,12,222.96,5574,2014-02-01 00:00:00
Channel Partners,United States of America,Carretera,Low,1947,3,12,700.92,5841,2014-09-01 00:00:00
Channel Partners,United States of America,Montana,Low,1142,5,12,274.08,3426,2014-06-01 00:00:00
Channel Partners,United States of America,Montana,Medium,2723,5,12,1960.56,8169,2014-11-01 00:00:00
Channel Partners,United States of America,Paseo,High,386,10,12,463.2,1158,2013-10-01 00:00:00
Channel Partners,United States of America,Paseo,High,2914,10,12,4895.52,8742,2014-10-01 00:00:00
Channel Partners,United States of America,Paseo,High,914,10,12,1645.2,2742,2014-12-01 00:00:00
Channel Partners,United States of America,Paseo,Low,1142,10,12,274.08,3426,2014-06-01 00:00:00
Channel Partners,United States of America,Paseo,Low,1369.5,10,12,493.02,4108.5,2014-07-01 00:00:00
Channel Partners,United States of America,Paseo,None,912,10,12,0,2736,2013-11-01 00:00:00
Channel Partners,United States of America,Velo,High,914,120,12,1645.2,2742,2014-12-01 00:00:00
Channel Partners,United States of America,Velo,Low,1465,120,12,703.2,4395,2014-03-01 00:00:00
Channel Partners,United States of America,VTT,High,1806,250,12,3250.8,5418,2014-05-01 00:00:00
Channel Partners,United States of America,VTT,Medium,1956,250,12,2112.48,5868,2014-01-01 00:00:00
Enterprise,Canada,Amarilla,High,1659,260,125,26958.75,199080,2014-01-01 00:00:00
Enterprise,Canada,Amarilla,Medium,1645,260,125,14393.75,197400,2014-05-01 00:00:00
Enterprise,Canada,Carretera,High,2416,3,125,36240,289920,2013-09-01 00:00:00
Enterprise,Canada,Carretera,Low,742.5,3,125,1856.25,89100,2014-04-01 00:00:00
Enterprise,Canada,Montana,None,345,5,125,0,41400,2013-10-01 00:00:00
Enterprise,Canada,Montana,None,2665.5,5,125,0,319860,2014-07-01 00:00:00
Enterprise,Canada,Paseo,High,1583,10,125,25723.75,189960,2014-06-01 00:00:00
Enterprise,Canada,Paseo,Low,1774,10,125,6652.5,212880,2014-03-01 00:00:00
Enterprise,Canada,Paseo,Low,2009,10,125,7533.75,241080,2014-10-01 00:00:00
Enterprise,Canada,Paseo,Low,2729,10,125,6822.5,327480,2014-12-01 00:00:00
Enterprise,Canada,Velo,High,1916,120,125,23950,229920,2013-12-01 00:00:00
Enterprise,Canada,Velo,Low,923,120,125,1153.75,110760,2014-08-01 00:00:00
Enterprise,Canada,Velo,Low,2009,120,125,7533.75,241080,2014-10-01 00:00:00
Enterprise,Canada,Velo,Medium,952,120,125,7140,114240,2014-02-01 00:00:00
Enterprise,Canada,Velo,Medium,567,120,125,6378.75,68040,2014-09-01 00:00:00
Enterprise,Canada,Velo,None,345,120,125,0,41400,2013-10-01 00:00:00
Enterprise,Canada,VTT,High,2954,250,125,55387.5,354480,2013-11-01 00:00:00
Enterprise,Canada,VTT,High,1583,250,125,25723.75,189960,2014-06-01 00:00:00
Enterprise,Canada,VTT,High,2529,250,125,31612.5,303480,2014-11-01 00:00:00
Enterprise,Canada,VTT,Low,2729,250,125,6822.5,327480,2014-12-01 00:00:00
Enterprise,France,Amarilla,High,1433,260,125,19703.75,171960,2014-05-01 00:00:00
Enterprise,France,Amarilla,Medium,1987.5,260,125,14906.25,238500,2014-01-01 00:00:00
Enterprise,France,Carretera,High,1023,3,125,17902.5,122760,2013-09-01 00:00:00
Enterprise,France,Carretera,High,1482,3,125,18525,177840,2013-12-01 00:00:00
Enterprise,France,Carretera,High,1174,3,125,22012.5,140880,2014-08-01 00:00:00
Enterprise,France,Carretera,High,2441,3,125,33563.75,292920,2014-10-01 00:00:00
Enterprise,France,Carretera,Low,4243.5,3,125,15913.125,509220,2014-04-01 00:00:00
Enterprise,France,Montana,Low,1287,5,125,4826.25,154440,2014-12-01 00:00:00
Enterprise,France,Montana,Medium,1857,5,125,20891.25,222840,2013-11-01 00:00:00
Enterprise,France,Paseo,High,2441,10,125,33563.75,292920,2014-10-01 00:00:00
Enterprise,France,Paseo,Low,787,10,125,983.75,94440,2014-06-01 00:00:00
Enterprise,France,Paseo,Low,2988,10,125,14940,358560,2014-07-01 00:00:00
Enterprise,France,Paseo,Low,1287,10,125,4826.25,154440,2014-12-01 00:00:00
Enterprise,France,Paseo,Medium,704,10,125,4400,84480,2013-10-01 00:00:00
Enterprise,France,Paseo,Medium,2385,10,125,14906.25,286200,2014-03-01 00:00:00
Enterprise,France,Velo,High,663,120,125,12431.25,79560,2014-09-01 00:00:00
Enterprise,France,Velo,Medium,704,120,125,4400,84480,2013-10-01 00:00:00
Enterprise,France,Velo,None,1804,120,125,0,216480,2014-02-01 00:00:00
Enterprise,France,VTT,Low,787,250,125,983.75,94440,2014-06-01 00:00:00
Enterprise,France,VTT,Low,1744,250,125,2180,209280,2014-11-01 00:00:00
Enterprise,Germany,Amarilla,High,3165,260,125,43518.75,379800,2014-01-01 00:00:00
Enterprise,Germany,Amarilla,Low,2276,260,125,5690,273120,2014-05-01 00:00:00
Enterprise,Germany,Amarilla,Medium,994,260,125,8697.5,119280,2013-09-01 00:00:00
Enterprise,Germany,Amarilla,None,4219.5,260,125,0,506340,2014-04-01 00:00:00
Enterprise,Germany,Carretera,High,2767,3,125,51881.25,332040,2014-08-01 00:00:00
Enterprise,Germany,Carretera,High,1085,3,125,20343.75,130200,2014-10-01 00:00:00
Enterprise,Germany,Carretera,Medium,887,3,125,6652.5,106440,2013-12-01 00:00:00
Enterprise,Germany,Montana,Low,1706,5,125,6397.5,204720,2014-12-01 00:00:00
Enterprise,Germany,Montana,Medium,2500,5,125,21875,300000,2013-11-01 00:00:00
Enterprise,Germany,Paseo,High,1085,10,125,20343.75,130200,2014-10-01 00:00:00
Enterprise,Germany,Paseo,Low,809,10,125,2022.5,97080,2013-10-01 00:00:00
Enterprise,Germany,Paseo,Low,795,10,125,3975,95400,2014-03-01 00:00:00
Enterprise,Germany,Paseo,Low,1570,10,125,5887.5,188400,2014-06-01 00:00:00
Enterprise,Germany,Paseo,Low,1706,10,125,6397.5,204720,2014-12-01 00:00:00
Enterprise,Germany,Paseo,Medium,3513,10,125,30738.75,421560,2014-07-01 00:00:00
Enterprise,Germany,Velo,Low,809,120,125,2022.5,97080,2013-10-01 00:00:00
Enterprise,Germany,Velo,Medium,807,120,125,5043.75,96840,2014-02-01 00:00:00
Enterprise,Germany,Velo,Medium,2087,120,125,18261.25,250440,2014-09-01 00:00:00
Enterprise,Germany,VTT,High,552,250,125,10350,66240,2014-11-01 00:00:00
Enterprise,Germany,VTT,Low,1570,250,125,5887.5,188400,2014-06-01 00:00:00
Enterprise,Mexico,Amarilla,High,947,260,125,13021.25,113640,2013-09-01 00:00:00
Enterprise,Mexico,Amarilla,Low,1074,260,125,5370,128880,2014-04-01 00:00:00
Enterprise,Mexico,Carretera,High,2821,3,125,49367.5,338520,2013-12-01 00:00:00
Enterprise,Mexico,Carretera,High,2156,3,125,32340,258720,2014-10-01 00:00:00
Enterprise,Mexico,Carretera,Medium,1540,3,125,15400,184800,2014-08-01 00:00:00
Enterprise,Mexico,Montana,Low,1660,5,125,4150,199200,2013-11-01 00:00:00
Enterprise,Mexico,Montana,Low,1138,5,125,5690,136560,2014-12-01 00:00:00
Enterprise,Mexico,Paseo,High,2156,10,125,32340,258720,2014-10-01 00:00:00
Enterprise,Mexico,Paseo,Low,2145,10,125,5362.5,257400,2013-10-01 00:00:00
Enterprise,Mexico,Paseo,Low,662,10,125,1655,79440,2014-06-01 00:00:00
Enterprise,Mexico,Paseo,Low,1823,10,125,2278.75,218760,2014-07-01 00:00:00
Enterprise,Mexico,Paseo,Low,1138,10,125,5690,136560,2014-12-01 00:00:00
Enterprise,Mexico,Paseo,Medium,1114,10,125,11140,133680,2014-03-01 00:00:00
Enterprise,Mexico,Velo,High,1575,120,125,27562.5,189000,2014-02-01 00:00:00
Enterprise,Mexico,Velo,Low,2145,120,125,5362.5,257400,2013-10-01 00:00:00
Enterprise,Mexico,Velo,Medium,2110,120,125,23737.5,253200,2014-09-01 00:00:00
Enterprise,Mexico,VTT,High,554,250,125,7617.5,66480,2014-01-01 00:00:00
Enterprise,Mexico,VTT,High,341,250,125,4262.5,40920,2014-05-01 00:00:00
Enterprise,Mexico,VTT,Low,662,250,125,1655,79440,2014-06-01 00:00:00
Enterprise,Mexico,VTT,Medium,877,250,125,9866.25,105240,2014-11-01 00:00:00
Enterprise,United States of America,Amarilla,High,579,260,125,7237.5,69480,2014-01-01 00:00:00
Enterprise,United States of America,Amarilla,High,2844,260,125,49770,341280,2014-05-01 00:00:00
Enterprise,United States of America,Carretera,High,3445.5,3,125,43068.75,413460,2014-04-01 00:00:00
Enterprise,United States of America,Carretera,Low,330,3,125,412.5,39600,2013-09-01 00:00:00
Enterprise,United States of America,Montana,High,1804,5,125,22550,216480,2013-11-01 00:00:00
Enterprise,United States of America,Montana,Low,663,5,125,828.75,79560,2013-10-01 00:00:00
Enterprise,United States of America,Montana,Medium,3627,5,125,22668.75,435240,2014-07-01 00:00:00
Enterprise,United States of America,Montana,Medium,2797,5,125,31466.25,335640,2014-12-01 00:00:00
Enterprise,United States of America,Paseo,Low,727,10,125,908.75,87240,2014-06-01 00:00:00
Enterprise,United States of America,Paseo,Medium,2992,10,125,18700,359040,2014-03-01 00:00:00
Enterprise,United States of America,Paseo,Medium,861,10,125,5381.25,103320,2014-10-01 00:00:00
Enterprise,United States of America,Paseo,Medium,2797,10,125,31466.25,335640,2014-12-01 00:00:00
Enterprise,United States of America,Velo,High,2438,120,125,45712.5,292560,2013-12-01 00:00:00
Enterprise,United States of America,Velo,High,1596,120,125,19950,191520,2014-09-01 00:00:00
Enterprise,United States of America,Velo,Low,663,120,125,828.75,79560,2013-10-01 00:00:00
Enterprise,United States of America,Velo,Medium,2755,120,125,20662.5,330600,2014-02-01 00:00:00
Enterprise,United States of America,Velo,Medium,861,120,125,5381.25,103320,2014-10-01 00:00:00
Enterprise,United States of America,Velo,None,2821,120,125,0,338520,2014-08-01 00:00:00
Enterprise,United States of America,VTT,High,2387,250,125,35805,286440,2014-11-01 00:00:00
Enterprise,United States of America,VTT,Low,727,250,125,908.75,87240,2014-06-01 00:00:00
Government,Canada,Amarilla,High,2240,260,350,78400,582400,2014-02-01 00:00:00
Government,Canada,Amarilla,High,707,260,350,24745,183820,2014-09-01 00:00:00
Government,Canada,Amarilla,High,2734,260,7,2296.56,13670,2014-10-01 00:00:00
Government,Canada,Amarilla,Low,1778,260,350,24892,462280,2013-12-01 00:00:00
Government,Canada,Amarilla,Medium,1228,260,350,21490,319280,2013-10-01 00:00:00
Government,Canada,Amarilla,Medium,1843,520,27,1688.9499999999998,12755,2014-06-01 00:00:00
Government,Canada,Amarilla,Medium,552,260,350,9660,143520,2014-08-01 00:00:00
Government,Canada,Amarilla,Medium,1269,260,350,39973.5,329940,2014-10-01 00:00:00
Government,Canada,Amarilla,Medium,1118,260,20,1565.2,11180,2014-11-01 00:00:00
Government,Canada,Carretera,High,923,3,350,41996.5,239980,2014-03-01 00:00:00
Government,Canada,Carretera,Low,2851,3,7,798.28,14255,2013-10-01 00:00:00
Government,Canada,Carretera,Low,831,3,20,498.6,8310,2014-05-01 00:00:00
Government,Canada,Carretera,Low,2852,3,350,19964,741520,2014-12-01 00:00:00
Government,Canada,Carretera,Medium,819,3,7,515.97,4095,2014-07-01 00:00:00
Government,Canada,Carretera,None,1618.5,3,20,0,16185,2014-01-01 00:00:00
Government,Canada,Montana,High,2227.5,5,350,109147.5,579150,2014-01-01 00:00:00
Government,Canada,Montana,High,200,5,350,9800,52000,2014-05-01 00:00:00
Government,Canada,Montana,High,388,5,7,380.24,1940,2014-09-01 00:00:00
Government,Canada,Montana,High,3983,10,27,5543.96,26160,2014-10-01 00:00:00
Government,Canada,Montana,Low,2851,5,7,798.28,14255,2013-10-01 00:00:00
Government,Canada,Montana,Low,1830,5,7,128.1,9150,2014-08-01 00:00:00
Government,Canada,Montana,Medium,1611,5,7,1014.93,8055,2013-12-01 00:00:00
Government,Canada,Montana,Medium,488,5,7,273.28,2440,2014-02-01 00:00:00
Government,Canada,Montana,Medium,708,5,20,1132.8,7080,2014-06-01 00:00:00
Government,Canada,Paseo,High,2428,10,20,6798.4,24280,2014-03-01 00:00:00
Government,Canada,Paseo,High,723,10,7,759.1500000000001,3615,2014-04-01 00:00:00
Government,Canada,Paseo,High,2632,10,350,119756,684320,2014-06-01 00:00:00
Government,Canada,Paseo,High,2104.5,10,350,81023.25,547170,2014-07-01 00:00:00
Government,Canada,Paseo,High,2394,10,20,5266.8,23940,2014-08-01 00:00:00
Government,Canada,Paseo,High,1249,10,20,3247.4,12490,2014-10-01 00:00:00
Government,Canada,Paseo,High,700,10,350,34300,182000,2014-11-01 00:00:00
Government,Canada,Paseo,Low,4251,10,7,1190.28,21255,2014-01-01 00:00:00
Government,Canada,Paseo,Low,2074,10,20,1659.2,20740,2014-09-01 00:00:00
Government,Canada,Paseo,Low,2852,10,350,19964,741520,2014-12-01 00:00:00
Government,Canada,Paseo,Medium,2349,10,7,822.15,11745,2013-09-01 00:00:00
Government,Canada,Paseo,Medium,2617,20,370,22879,333170,2013-10-01 00:00:00
Government,Canada,Paseo,Medium,1802,10,20,1802,18020,2013-12-01 00:00:00
Government,Canada,Paseo,Medium,257,10,7,143.92,1285,2014-05-01 00:00:00
Government,Canada,Paseo,None,1725,10,350,0,448500,2013-11-01 00:00:00
Government,Canada,Paseo,None,292,10,20,0,2920,2014-02-01 00:00:00
Government,Canada,Paseo,None,1817,10,20,0,18170,2014-12-01 00:00:00
Government,Canada,Velo,High,2632,120,350,119756,684320,2014-06-01 00:00:00
Government,Canada,Velo,High,1808,120,7,1392.16,9040,2014-11-01 00:00:00
Government,Canada,Velo,Low,2646,120,20,2116.8,26460,2013-09-01 00:00:00
Government,Canada,Velo,Low,2092,120,7,146.44,10460,2013-11-01 00:00:00
Government,Canada,Velo,Low,3850.5,120,20,2310.3,38505,2014-04-01 00:00:00
Government,Canada,Velo,Medium,1135,120,7,556.15,5675,2014-06-01 00:00:00
Government,Canada,Velo,Medium,1269,120,350,39973.5,329940,2014-10-01 00:00:00
Government,Canada,Velo,Medium,1582,120,7,775.18,7910,2014-12-01 00:00:00
Government,Canada,VTT,High,623,250,350,26166,161980,2013-09-01 00:00:00
Government,Canada,VTT,High,2935,250,20,6457,29350,2013-11-01 00:00:00
Government,Canada,VTT,High,865.5,250,20,2596.5,8655,2014-07-01 00:00:00
Government,Canada,VTT,Low,1326,250,7,92.82,6630,2014-03-01 00:00:00
Government,Canada,VTT,Low,943.5,250,350,3302.25,245310,2014-04-01 00:00:00
Government,Canada,VTT,Medium,1389,250,20,1389,13890,2013-10-01 00:00:00
Government,Canada,VTT,Medium,1582,250,7,775.18,7910,2014-12-01 00:00:00
Government,Canada,VTT,None,1817,250,20,0,18170,2014-12-01 00:00:00
Government,France,Amarilla,High,1190,260,7,1082.9,5950,2014-06-01 00:00:00
Government,France,Amarilla,High,3421.5,260,7,2874.06,17107.5,2014-07-01 00:00:00
Government,France,Amarilla,High,1731,260,7,1696.38,8655,2014-10-01 00:00:00
Government,France,Amarilla,Low,941,260,20,376.4,9410,2014-11-01 00:00:00
Government,France,Amarilla,Medium,3479,520,357,44185.26,546775,2013-10-01 00:00:00
Government,France,Amarilla,Medium,2876,260,350,70462,747760,2014-09-01 00:00:00
Government,France,Amarilla,None,2750,260,350,0,715000,2014-02-01 00:00:00
Government,France,Amarilla,None,1899,260,20,0,18990,2014-06-01 00:00:00
Government,France,Carretera,High,2521.5,3,20,6051.6,25215,2014-01-01 00:00:00
Government,France,Carretera,High,1790,3,350,81445,465400,2014-03-01 00:00:00
Government,France,Carretera,Low,2145,3,7,300.3,10725,2013-11-01 00:00:00
Government,France,Carretera,Low,2155,3,350,7542.5,560300,2014-12-01 00:00:00
Government,France,Carretera,Medium,1563,3,20,1563,15630,2014-05-01 00:00:00
Government,France,Carretera,Medium,2487,3,7,870.45,12435,2014-12-01 00:00:00
Government,France,Montana,High,293,5,7,287.14,1465,2014-02-01 00:00:00
Government,France,Montana,Low,1375.5,5,20,275.1,13755,2014-07-01 00:00:00
Government,France,Montana,Low,544,5,7,114.24,2720,2014-09-01 00:00:00
Government,France,Montana,Medium,3160,10,27,2697.66,24585,2013-10-01 00:00:00
Government,France,Montana,Medium,1384.5,5,350,24228.75,359970,2014-01-01 00:00:00
Government,France,Montana,Medium,1666,5,350,52479,433160,2014-05-01 00:00:00
Government,France,Montana,Medium,1976,5,20,2766.4,19760,2014-10-01 00:00:00
Government,France,Montana,None,1899,5,20,0,18990,2014-06-01 00:00:00
Government,France,Paseo,High,1922,10,350,94178,499720,2013-11-01 00:00:00
Government,France,Paseo,High,1954,10,20,3908,19540,2014-03-01 00:00:00
Government,France,Paseo,High,2532,10,7,1949.6399999999999,12660,2014-04-01 00:00:00
Government,France,Paseo,High,2696,10,7,2453.36,13480,2014-08-01 00:00:00
Government,France,Paseo,High,1731,10,7,1696.38,8655,2014-10-01 00:00:00
Government,France,Paseo,High,1594,10,350,66948,414440,2014-11-01 00:00:00
Government,France,Paseo,High,293,10,20,879,2930,2014-12-01 00:00:00
Government,France,Paseo,Low,3945,10,7,276.15,19725,2014-01-01 00:00:00
Government,France,Paseo,Low,1030,10,7,72.1,5150,2014-05-01 00:00:00
Government,France,Paseo,Low,2155,10,350,7542.5,560300,2014-12-01 00:00:00
Government,France,Paseo,Medium,1031,10,7,505.19,5155,2013-09-01 00:00:00
Government,France,Paseo,Medium,1757,10,20,2108.4,17570,2013-10-01 00:00:00
Government,France,Paseo,Medium,2136,10,7,747.6,10680,2013-12-01 00:00:00
Government,France,Paseo,Medium,1303,10,20,1303,13030,2014-02-01 00:00:00
Government,France,Paseo,Medium,1496,10,350,31416,388960,2014-06-01 00:00:00
Government,France,Paseo,Medium,1535,10,20,2149,15350,2014-09-01 00:00:00
Government,France,Velo,High,2805,120,20,6171,28050,2013-09-01 00:00:00
Government,France,Velo,High,1190,120,7,1082.9,5950,2014-06-01 00:00:00
Government,France,Velo,High,639,120,350,22365,166140,2014-07-01 00:00:00
Government,France,Velo,Low,3864,120,20,772.8000000000001,38640,2014-04-01 00:00:00
Government,France,Velo,Low,2177,120,350,30478,566020,2014-10-01 00:00:00
Government,France,Velo,Low,639,120,7,44.73,3195,2014-11-01 00:00:00
Government,France,Velo,Medium,2076,120,350,43596,539760,2013-10-01 00:00:00
Government,France,Velo,Medium,1033,120,20,1033,10330,2013-12-01 00:00:00
Government,France,Velo,Medium,1496,120,350,31416,388960,2014-06-01 00:00:00
Government,France,Velo,Medium,1579,120,20,1579,15790,2014-08-01 00:00:00
Government,France,Velo,Medium,1976,120,20,2766.4,19760,2014-10-01 00:00:00
Government,France,VTT,High,1281,250,350,62769,333060,2013-12-01 00:00:00
Government,France,VTT,High,1491,250,7,1252.44,7455,2014-03-01 00:00:00
Government,France,VTT,High,293,250,20,879,2930,2014-12-01 00:00:00
Government,France,VTT,Low,2177,250,350,30478,566020,2014-10-01 00:00:00
Government,France,VTT,Medium,2682,250,20,4827.6,26820,2013-11-01 00:00:00
Government,France,VTT,Medium,574.5,250,350,16086,149370,2014-04-01 00:00:00
Government,France,VTT,Medium,381,250,350,10668,99060,2014-08-01 00:00:00
Government,France,VTT,Medium,2487,250,7,870.45,12435,2014-12-01 00:00:00
Government,France,VTT,None,1527,250,350,0,397020,2013-09-01 00:00:00
Government,Germany,Amarilla,Low,2966,260,350,20762,771160,2013-10-01 00:00:00
Government,Germany,Amarilla,Low,1907,260,350,26698,495820,2014-09-01 00:00:00
Government,Germany,Amarilla,Medium,1159,260,7,405.65,5795,2013-10-01 00:00:00
Government,Germany,Amarilla,Medium,1350,260,350,23625,351000,2014-02-01 00:00:00
Government,Germany,Amarilla,Medium,1366,260,20,2185.6,13660,2014-06-01 00:00:00
Government,Germany,Amarilla,Medium,1520,260,20,2432,15200,2014-11-01 00:00:00
Government,Germany,Amarilla,None,1686,260,7,0,8430,2014-07-01 00:00:00
Government,Germany,Carretera,High,442,3,20,1149.2,4420,2013-09-01 00:00:00
Government,Germany,Carretera,High,792,3,350,30492,205920,2014-03-01 00:00:00
Government,Germany,Carretera,High,280,3,7,274.4,1400,2014-12-01 00:00:00
Government,Germany,Carretera,Low,2580,3,20,1548,25800,2014-04-01 00:00:00
Government,Germany,Carretera,Medium,1016,3,7,355.6,5080,2013-11-01 00:00:00
Government,Germany,Carretera,Medium,663,3,20,1193.4,6630,2014-05-01 00:00:00
Government,Germany,Carretera,None,1321,3,20,0,13210,2014-01-01 00:00:00
Government,Germany,Carretera,None,1513,3,350,0,393380,2014-12-01 00:00:00
Government,Germany,Montana,High,2992,5,20,6582.4,29920,2013-10-01 00:00:00
Government,Germany,Montana,High,766,5,350,29491,199160,2014-01-01 00:00:00
Government,Germany,Montana,High,1199,5,350,58751,311740,2014-04-01 00:00:00
Government,Germany,Montana,Low,1797,5,350,18868.5,467220,2013-09-01 00:00:00
Government,Germany,Montana,Low,1958,5,7,411.18,9790,2014-02-01 00:00:00
Government,Germany,Montana,Medium,1159,5,7,405.65,5795,2013-10-01 00:00:00
Government,Germany,Montana,Medium,1460,5,350,30660,379600,2014-05-01 00:00:00
Government,Germany,Montana,Medium,645,5,20,1032,6450,2014-07-01 00:00:00
Government,Germany,Montana,None,2146,5,7,0,10730,2014-09-01 00:00:00
Government,Germany,Paseo,High,2992,10,20,6582.4,29920,2013-10-01 00:00:00
Government,Germany,Paseo,High,2708,10,20,7040.8,27080,2014-02-01 00:00:00
Government,Germany,Paseo,High,1158,10,20,3474,11580,2014-03-01 00:00:00
Government,Germany,Paseo,High,241,10,20,482,2410,2014-10-01 00:00:00
Government,Germany,Paseo,High,357,10,350,16243.5,92820,2014-11-01 00:00:00
Government,Germany,Paseo,High,1531,10,20,3674.4,15310,2014-12-01 00:00:00
Government,Germany,Paseo,Medium,2409,10,7,1349.04,12045,2013-09-01 00:00:00
Government,Germany,Paseo,Medium,2146,10,350,60088,557960,2013-11-01 00:00:00
Government,Germany,Paseo,Medium,2125,10,7,1041.25,10625,2013-12-01 00:00:00
Government,Germany,Paseo,Medium,1372,10,7,480.2,6860,2014-01-01 00:00:00
Government,Germany,Paseo,Medium,1259,10,7,705.04,6295,2014-04-01 00:00:00
Government,Germany,Paseo,Medium,1095,10,7,613.2,5475,2014-05-01 00:00:00
Government,Germany,Paseo,Medium,1366,10,20,2185.6,13660,2014-06-01 00:00:00
Government,Germany,Paseo,Medium,1598,10,7,894.88,7990,2014-08-01 00:00:00
Government,Germany,Paseo,Medium,1934,10,20,3094.4,19340,2014-09-01 00:00:00
Government,Germany,Paseo,Medium,360,10,7,226.8,1800,2014-10-01 00:00:00
Government,Germany,Paseo,None,1006,10,350,0,261560,2014-06-01 00:00:00
Government,Germany,Paseo,None,1513,10,350,0,393380,2014-12-01 00:00:00
Government,Germany,Velo,High,241,120,20,482,2410,2014-10-01 00:00:00
Government,Germany,Velo,High,2665,120,7,1865.5,13325,2014-11-01 00:00:00
Government,Germany,Velo,Low,2966,120,350,20762,771160,2013-10-01 00:00:00
Government,Germany,Velo,Low,2877,120,350,20139,748020,2014-10-01 00:00:00
Government,Germany,Velo,Medium,588,120,20,823.2,5880,2013-12-01 00:00:00
Government,Germany,Velo,Medium,2338,120,7,1309.28,11690,2014-06-01 00:00:00
Government,Germany,Velo,Medium,1307,120,350,41170.5,339820,2014-07-01 00:00:00
Government,Germany,Velo,Medium,1001,120,20,1201.2,10010,2014-08-01 00:00:00
Government,Germany,Velo,None,1006,120,350,0,261560,2014-06-01 00:00:00
Government,Germany,VTT,High,1870,250,350,65450,486200,2013-12-01 00:00:00
Government,Germany,VTT,High,1811,500,27,3948.8,16710,2014-12-01 00:00:00
Government,Germany,VTT,Low,263,250,7,18.41,1315,2014-03-01 00:00:00
Government,Germany,VTT,Low,2877,250,350,20139,748020,2014-10-01 00:00:00
Government,Germany,VTT,Medium,2297,250,20,2297,22970,2013-11-01 00:00:00
Government,Germany,VTT,Medium,2338,250,7,1309.28,11690,2014-06-01 00:00:00
Government,Germany,VTT,Medium,422,250,350,11816,109720,2014-08-01 00:00:00
Government,Germany,VTT,Medium,360,250,7,226.8,1800,2014-10-01 00:00:00
Government,Mexico,Amarilla,High,2071,520,357,14936.46,98075,2013-10-01 00:00:00
Government,Mexico,Amarilla,High,2629,260,20,5783.8,26290,2014-01-01 00:00:00
Government,Mexico,Amarilla,High,2039,260,20,4078,20390,2014-05-01 00:00:00
Government,Mexico,Amarilla,Low,1865,260,350,26110,484900,2014-02-01 00:00:00
Government,Mexico,Amarilla,Medium,1038,260,20,1868.4,10380,2014-06-01 00:00:00
Government,Mexico,Amarilla,Medium,1683,260,7,589.05,8415,2014-07-01 00:00:00
Government,Mexico,Amarilla,Medium,1679,260,350,35259,436540,2014-09-01 00:00:00
Government,Mexico,Amarilla,Medium,1694,260,20,3049.2,16940,2014-11-01 00:00:00
Government,Mexico,Carretera,High,2706,3,7,2083.62,13530,2013-11-01 00:00:00
Government,Mexico,Carretera,High,2579,3,20,7221.2,25790,2014-04-01 00:00:00
Government,Mexico,Carretera,High,886,3,350,37212,230360,2014-06-01 00:00:00
Government,Mexico,Carretera,Low,1210,3,350,4235,314600,2014-03-01 00:00:00
Government,Mexico,Carretera,Low,1397,3,350,4889.5,363220,2014-10-01 00:00:00
Government,Mexico,Carretera,Medium,1834,3,20,2567.6,18340,2013-09-01 00:00:00
Government,Mexico,Carretera,Medium,1883,6,357,38464.23,356725,2014-12-01 00:00:00
Government,Mexico,Montana,High,3442,10,27,5808.46,25785,2013-10-01 00:00:00
Government,Mexico,Montana,High,1368,5,7,1436.4,6840,2014-02-01 00:00:00
Government,Mexico,Montana,High,2255,5,20,5863,22550,2014-07-01 00:00:00
Government,Mexico,Montana,High,2420,5,7,2032.8,12100,2014-09-01 00:00:00
Government,Mexico,Montana,Medium,720,5,350,12600,187200,2013-09-01 00:00:00
Government,Mexico,Montana,Medium,980,5,350,20580,254800,2014-04-01 00:00:00
Government,Mexico,Paseo,High,1715,10,20,4116,17150,2013-10-01 00:00:00
Government,Mexico,Paseo,High,2151,10,350,112927.5,559260,2013-11-01 00:00:00
Government,Mexico,Paseo,High,260,10,20,728,2600,2014-02-01 00:00:00
Government,Mexico,Paseo,High,1122,10,20,2468.4,11220,2014-03-01 00:00:00
Government,Mexico,Paseo,High,2535,10,7,2661.75,12675,2014-04-01 00:00:00
Government,Mexico,Paseo,High,2851,10,350,149677.5,741260,2014-05-01 00:00:00
Government,Mexico,Paseo,High,886,10,350,37212,230360,2014-06-01 00:00:00
Government,Mexico,Paseo,High,905,10,20,2172,9050,2014-10-01 00:00:00
Government,Mexico,Paseo,High,1197,10,350,50274,311220,2014-11-01 00:00:00
Government,Mexico,Paseo,High,1233,10,20,2959.2,12330,2014-12-01 00:00:00
Government,Mexico,Paseo,Low,1760,10,7,369.6,8800,2013-09-01 00:00:00
Government,Mexico,Paseo,Medium,1946,10,7,1089.76,9730,2013-12-01 00:00:00
Government,Mexico,Paseo,Medium,2417,10,350,76135.5,628420,2014-01-01 00:00:00
Government,Mexico,Paseo,Medium,1038,10,20,1868.4,10380,2014-06-01 00:00:00
Government,Mexico,Paseo,Medium,2993,10,20,4788.8,29930,2014-09-01 00:00:00
Government,Mexico,Paseo,Medium,2689,10,7,941.15,13445,2014-10-01 00:00:00
Government,Mexico,Paseo,Medium,1362,10,350,38136,354120,2014-12-01 00:00:00
Government,Mexico,Paseo,None,883,10,7,0,4415,2014-08-01 00:00:00
Government,Mexico,Velo,High,344,120,350,13244,89440,2013-10-01 00:00:00
Government,Mexico,Velo,High,1395,120,350,58590,362700,2014-07-01 00:00:00
Government,Mexico,Velo,High,905,120,20,2172,9050,2014-10-01 00:00:00
Government,Mexico,Velo,Low,544,120,20,217.6,5440,2013-12-01 00:00:00
Government,Mexico,Velo,Low,362,120,7,25.34,1810,2014-05-01 00:00:00
Government,Mexico,Velo,Medium,1498,120,7,629.16,7490,2014-06-01 00:00:00
Government,Mexico,Velo,Medium,609,120,20,852.6,6090,2014-08-01 00:00:00
Government,Mexico,Velo,Medium,1333,120,7,559.86,6665,2014-11-01 00:00:00
Government,Mexico,Velo,None,1493,120,7,0,7465,2014-01-01 00:00:00
Government,Mexico,VTT,High,2903,250,7,2844.94,14515,2014-03-01 00:00:00
Government,Mexico,VTT,High,1233,250,20,2959.2,12330,2014-12-01 00:00:00
Government,Mexico,VTT,Low,1940,250,350,13580,504400,2013-12-01 00:00:00
Government,Mexico,VTT,Low,1642,250,350,17241,426920,2014-08-01 00:00:00
Government,Mexico,VTT,Low,1397,250,350,4889.5,363220,2014-10-01 00:00:00
Government,Mexico,VTT,Medium,1123,250,20,1347.6,11230,2013-11-01 00:00:00
Government,Mexico,VTT,Medium,1498,250,7,629.16,7490,2014-06-01 00:00:00
Government,Mexico,VTT,Medium,2689,250,7,941.15,13445,2014-10-01 00:00:00
Government,Mexico,VTT,Medium,521,250,7,328.23,2605,2014-12-01 00:00:00
Government,United States of America,Amarilla,High,270,260,350,11340,70200,2014-02-01 00:00:00
Government,United States of America,Amarilla,Low,1236,260,20,494.4,12360,2014-11-01 00:00:00
Government,United States of America,Amarilla,Medium,727,260,350,15267,189020,2013-10-01 00:00:00
Government,United States of America,Amarilla,Medium,4189,520,27,3679.12,27355,2014-06-01 00:00:00
Government,United States of America,Amarilla,Medium,2071,260,350,65236.5,538460,2014-09-01 00:00:00
Government,United States of America,Amarilla,None,1143,260,7,0,5715,2014-10-01 00:00:00
Government,United States of America,Carretera,High,2996,3,7,2936.08,14980,2013-10-01 00:00:00
Government,United States of America,Carretera,High,1743,3,20,4880.4,17430,2014-05-01 00:00:00
Government,United States of America,Carretera,Low,2529,3,7,177.03,12645,2014-07-01 00:00:00
Government,United States of America,Carretera,Low,274,3,350,3836,71240,2014-12-01 00:00:00
Government,United States of America,Carretera,Medium,263,3,7,110.46,1315,2013-11-01 00:00:00
Government,United States of America,Carretera,Medium,1117.5,3,20,1341,11175,2014-01-01 00:00:00
Government,United States of America,Carretera,Medium,1761,3,350,43144.5,457860,2014-03-01 00:00:00
Government,United States of America,Carretera,Medium,570,3,7,199.5,2850,2014-12-01 00:00:00
Government,United States of America,Montana,High,2996,5,7,2936.08,14980,2013-10-01 00:00:00
Government,United States of America,Montana,High,982.5,5,350,44703.75,255450,2014-01-01 00:00:00
Government,United States of America,Montana,High,1298,5,7,1181.18,6490,2014-02-01 00:00:00
Government,United States of America,Montana,High,2313,5,350,80955,601380,2014-05-01 00:00:00
Government,United States of America,Montana,High,2328,5,7,1629.6,11640,2014-09-01 00:00:00
Government,United States of America,Montana,Low,1566,5,20,626.4,15660,2014-10-01 00:00:00
Government,United States of America,Montana,Medium,1282,5,20,2051.2,12820,2014-06-01 00:00:00
Government,United States of America,Paseo,High,380,10,7,292.6,1900,2013-09-01 00:00:00
Government,United States of America,Paseo,High,267,10,20,801,2670,2013-10-01 00:00:00
Government,United States of America,Paseo,High,2007,10,350,105367.5,521820,2013-11-01 00:00:00
Government,United States of America,Paseo,High,1438.5,10,7,1309.035,7192.5,2014-01-01 00:00:00
Government,United States of America,Paseo,High,2641,10,20,6866.6,26410,2014-02-01 00:00:00
Government,United States of America,Paseo,High,1177,10,350,57673,306020,2014-11-01 00:00:00
Government,United States of America,Paseo,Low,2013,10,7,281.82,10065,2013-12-01 00:00:00
Government,United States of America,Paseo,Low,4492.5,10,7,314.475,22462.5,2014-04-01 00:00:00
Government,United States of America,Paseo,Low,3450,10,350,48300,897000,2014-07-01 00:00:00
Government,United States of America,Paseo,Low,1056,10,20,844.8,10560,2014-09-01 00:00:00
Government,United States of America,Paseo,Low,274,10,350,3836,71240,2014-12-01 00:00:00
Government,United States of America,Paseo,Medium,727,10,350,15267,189020,2013-10-01 00:00:00
Government,United States of America,Paseo,Medium,973,10,20,1751.4,9730,2014-03-01 00:00:00
Government,United States of America,Paseo,Medium,2327,10,7,814.45,11635,2014-05-01 00:00:00
Government,United States of America,Paseo,Medium,602,10,350,10535,156520,2014-06-01 00:00:00
Government,United States of America,Paseo,Medium,678,10,7,379.68,3390,2014-08-01 00:00:00
Government,United States of America,Paseo,Medium,2663,10,20,2663,26630,2014-12-01 00:00:00
Government,United States of America,Paseo,None,1143,10,7,0,5715,2014-10-01 00:00:00
Government,United States of America,Velo,High,606,120,20,1696.8000000000002,6060,2014-04-01 00:00:00
Government,United States of America,Velo,High,986,120,350,41412,256360,2014-10-01 00:00:00
Government,United States of America,Velo,Low,736,120,20,588.8,7360,2013-09-01 00:00:00
Government,United States of America,Velo,Low,1566,120,20,626.4,15660,2014-10-01 00:00:00
Government,United States of America,Velo,Medium,1421,120,20,1989.4,14210,2013-12-01 00:00:00
Government,United States of America,Velo,Medium,3509,240,357,12162.92,171055,2014-06-01 00:00:00
Government,United States of America,Velo,Medium,2832,120,20,2832,28320,2014-08-01 00:00:00
Government,United States of America,Velo,Medium,547,120,7,268.03,2735,2014-11-01 00:00:00
Government,United States of America,VTT,High,267,250,20,801,2670,2013-10-01 00:00:00
Government,United States of America,VTT,High,1579,250,7,1215.83,7895,2014-03-01 00:00:00
Government,United States of America,VTT,High,2807,250,350,98245,729820,2014-08-01 00:00:00
Government,United States of America,VTT,High,986,250,350,41412,256360,2014-10-01 00:00:00
Government,United States of America,VTT,Low,349,250,350,4886,90740,2013-09-01 00:00:00
Government,United States of America,VTT,Low,266,250,350,1862,69160,2013-12-01 00:00:00
Government,United States of America,VTT,Medium,1265,250,20,1265,12650,2013-11-01 00:00:00
Government,United States of America,VTT,Medium,1351.5,250,350,42572.25,351390,2014-04-01 00:00:00
Government,United States of America,VTT,Medium,436.5,250,20,698.4000000000001,4365,2014-07-01 00:00:00
Government,United States of America,VTT,Medium,3233,500,27,2862.5,29480,2014-12-01 00:00:00
Midmarket,Canada,Amarilla,High,1743,260,15,3660.3,17430,2013-10-01 00:00:00
Midmarket,Canada,Amarilla,Medium,1630.5,260,15,2201.175,16305,2014-07-01 00:00:00
Midmarket,Canada,Carretera,High,1560,3,15,2574,15600,2013-11-01 00:00:00
Midmarket,Canada,Carretera,High,2689,3,15,4840.2,26890,2014-11-01 00:00:00
Midmarket,Canada,Carretera,High,2300,3,15,4830,23000,2014-12-01 00:00:00
Midmarket,Canada,Carretera,Medium,2844,3,15,2559.6,28440,2014-06-01 00:00:00
Midmarket,Canada,Montana,High,2300,5,15,4830,23000,2014-12-01 00:00:00
Midmarket,Canada,Montana,Low,1967,5,15,1180.2,19670,2014-03-01 00:00:00
Midmarket,Canada,Paseo,High,2470,10,15,5187,24700,2013-09-01 00:00:00
Midmarket,Canada,Paseo,High,1743,10,15,3660.3,17430,2013-10-01 00:00:00
Midmarket,Canada,Paseo,High,1614,10,15,3631.5,16140,2014-04-01 00:00:00
Midmarket,Canada,Paseo,High,2559,10,15,5757.75,25590,2014-08-01 00:00:00
Midmarket,Canada,Paseo,High,1565,10,15,3051.75,15650,2014-10-01 00:00:00
Midmarket,Canada,Paseo,Low,2363,10,15,708.9,23630,2014-02-01 00:00:00
Midmarket,Canada,Paseo,Low,218,10,15,130.8,2180,2014-09-01 00:00:00
Midmarket,Canada,Paseo,None,2152,10,15,0,21520,2013-12-01 00:00:00
Midmarket,Canada,Velo,High,384,120,15,633.5999999999999,3840,2014-01-01 00:00:00
Midmarket,Canada,Velo,Medium,1262,120,15,1325.1,12620,2014-05-01 00:00:00
Midmarket,Canada,VTT,High,1565,250,15,3051.75,15650,2014-10-01 00:00:00
Midmarket,Canada,VTT,Medium,2844,250,15,2559.6,28440,2014-06-01 00:00:00
Midmarket,France,Amarilla,High,2072,260,15,3108,20720,2014-12-01 00:00:00
Midmarket,France,Amarilla,Low,321,260,15,48.15,3210,2013-11-01 00:00:00
Midmarket,France,Carretera,Medium,490,3,15,588,4900,2014-11-01 00:00:00
Midmarket,France,Carretera,None,2178,3,15,0,21780,2014-06-01 00:00:00
Midmarket,France,Montana,High,2072,5,15,3108,20720,2014-12-01 00:00:00
Midmarket,France,Montana,Medium,2501,5,15,3001.2,25010,2014-03-01 00:00:00
Midmarket,France,Paseo,High,2167,10,15,3250.5,21670,2013-10-01 00:00:00
Midmarket,France,Paseo,Low,2261,10,15,1356.6,22610,2013-12-01 00:00:00
Midmarket,France,Paseo,Low,2296,10,15,344.4,22960,2014-02-01 00:00:00
Midmarket,France,Paseo,Medium,3801,10,15,3420.8999999999996,38010,2014-04-01 00:00:00
Midmarket,France,Paseo,Medium,2101,10,15,2206.05,21010,2014-08-01 00:00:00
Midmarket,France,Paseo,Medium,2620,10,15,1965,26200,2014-09-01 00:00:00
Midmarket,France,Paseo,Medium,1227,10,15,1656.45,12270,2014-10-01 00:00:00
Midmarket,France,Paseo,None,549,10,15,0,5490,2013-09-01 00:00:00
Midmarket,France,Velo,High,3997.5,120,15,7795.125,39975,2014-01-01 00:00:00
Midmarket,France,Velo,High,2826,120,15,6358.5,28260,2014-05-01 00:00:00
Midmarket,France,VTT,High,2167,250,15,3250.5,21670,2013-10-01 00:00:00
Midmarket,France,VTT,High,3874.5,250,15,6974.099999999999,38745,2014-07-01 00:00:00
Midmarket,France,VTT,Medium,1227,250,15,1656.45,12270,2014-10-01 00:00:00
Midmarket,France,VTT,None,2178,250,15,0,21780,2014-06-01 00:00:00
Midmarket,Germany,Amarilla,Medium,970,260,15,1309.5,9700,2013-11-01 00:00:00
Midmarket,Germany,Amarilla,Medium,711,260,15,853.2,7110,2014-12-01 00:00:00
Midmarket,Germany,Carretera,High,1513,3,15,3177.3,15130,2014-11-01 00:00:00
Midmarket,Germany,Carretera,None,888,3,15,0,8880,2014-06-01 00:00:00
Midmarket,Germany,Montana,Medium,711,5,15,853.2,7110,2014-12-01 00:00:00
Midmarket,Germany,Montana,None,921,5,15,0,9210,2014-03-01 00:00:00
Midmarket,Germany,Paseo,High,278,10,15,583.8,2780,2014-02-01 00:00:00
Midmarket,Germany,Paseo,High,1175,10,15,2643.75,11750,2014-10-01 00:00:00
Midmarket,Germany,Paseo,Low,1945,10,15,875.25,19450,2013-10-01 00:00:00
Midmarket,Germany,Paseo,Low,747,10,15,112.05,7470,2014-09-01 00:00:00
Midmarket,Germany,Paseo,Medium,2116,10,15,1587,21160,2013-12-01 00:00:00
Midmarket,Germany,Paseo,Medium,1743,10,15,1568.7,17430,2014-08-01 00:00:00
Midmarket,Germany,Velo,High,660,120,15,1287,6600,2013-09-01 00:00:00
Midmarket,Germany,Velo,High,681,120,15,1021.5,6810,2014-01-01 00:00:00
Midmarket,Germany,Velo,High,510,120,15,765,5100,2014-04-01 00:00:00
Midmarket,Germany,Velo,Medium,1530,120,15,1377,15300,2014-05-01 00:00:00
Midmarket,Germany,VTT,High,492,250,15,1107,4920,2014-07-01 00:00:00
Midmarket,Germany,VTT,High,1175,250,15,2643.75,11750,2014-10-01 00:00:00
Midmarket,Germany,VTT,Low,1945,250,15,875.25,19450,2013-10-01 00:00:00
Midmarket,Germany,VTT,None,888,250,15,0,8880,2014-06-01 00:00:00
Midmarket,Mexico,Amarilla,High,1870,260,15,3927,18700,2013-11-01 00:00:00
Midmarket,Mexico,Amarilla,High,2157,260,15,3559.05,21570,2014-12-01 00:00:00
Midmarket,Mexico,Carretera,Medium,2791,3,15,2093.25,27910,2014-11-01 00:00:00
Midmarket,Mexico,Carretera,None,2470,3,15,0,24700,2014-06-01 00:00:00
Midmarket,Mexico,Montana,High,2157,5,15,3559.05,21570,2014-12-01 00:00:00
Midmarket,Mexico,Montana,Low,2214,5,15,332.1,22140,2014-03-01 00:00:00
Midmarket,Mexico,Montana,Low,2031,5,15,1218.6,20310,2014-10-01 00:00:00
Midmarket,Mexico,Montana,None,2470,5,15,0,24700,2014-06-01 00:00:00
Midmarket,Mexico,Paseo,High,380,10,15,684,3800,2013-12-01 00:00:00
Midmarket,Mexico,Paseo,High,1984,10,15,3273.6,19840,2014-08-01 00:00:00
Midmarket,Mexico,Paseo,Low,1514,10,15,908.4,15140,2013-10-01 00:00:00
Midmarket,Mexico,Paseo,Low,2031,10,15,1218.6,20310,2014-10-01 00:00:00
Midmarket,Mexico,Paseo,None,974,10,15,0,9740,2014-02-01 00:00:00
Midmarket,Mexico,Paseo,None,2472,10,15,0,24720,2014-09-01 00:00:00
Midmarket,Mexico,Velo,High,655,120,15,1080.75,6550,2013-09-01 00:00:00
Midmarket,Mexico,Velo,Medium,2861,120,15,2145.75,28610,2014-01-01 00:00:00
Midmarket,Mexico,Velo,Medium,2628,120,15,3547.8,26280,2014-04-01 00:00:00
Midmarket,Mexico,Velo,Medium,245,120,15,330.75,2450,2014-05-01 00:00:00
Midmarket,Mexico,VTT,High,641,250,15,961.5,6410,2014-07-01 00:00:00
Midmarket,Mexico,VTT,Low,1514,250,15,908.4,15140,2013-10-01 00:00:00
Midmarket,United States of America,Amarilla,High,2548,260,15,4586.4,25480,2013-11-01 00:00:00
Midmarket,United States of America,Amarilla,High,3199.5,260,15,5279.174999999999,31995,2014-07-01 00:00:00
Midmarket,United States of America,Amarilla,Low,671,260,15,402.6,6710,2013-10-01 00:00:00
Midmarket,United States of America,Amarilla,None,615,260,15,0,6150,2014-12-01 00:00:00
Midmarket,United States of America,Carretera,High,2567,3,15,5005.65,25670,2014-06-01 00:00:00
Midmarket,United States of America,Carretera,Medium,2030,3,15,1827,20300,2014-11-01 00:00:00
Midmarket,United States of America,Montana,High,677,5,15,1218.6,6770,2014-03-01 00:00:00
Midmarket,United States of America,Montana,None,615,5,15,0,6150,2014-12-01 00:00:00
Midmarket,United States of America,Paseo,High,1767,10,15,3710.7,17670,2014-09-01 00:00:00
Midmarket,United States of America,Paseo,Low,671,10,15,402.6,6710,2013-10-01 00:00:00
Midmarket,United States of America,Paseo,Low,1925,10,15,577.5,19250,2013-12-01 00:00:00
Midmarket,United States of America,Paseo,Low,1514,10,15,227.1,15140,2014-02-01 00:00:00
Midmarket,United States of America,Paseo,Medium,2931,10,15,3077.55,29310,2013-09-01 00:00:00
Midmarket,United States of America,Paseo,Medium,3675,10,15,4961.25,36750,2014-04-01 00:00:00
Midmarket,United States of America,Paseo,Medium,2198,10,15,1978.2,21980,2014-08-01 00:00:00
Midmarket,United States of America,Paseo,Medium,1153,10,15,1037.7,11530,2014-10-01 00:00:00
Midmarket,United States of America,Velo,High,790,120,15,1185,7900,2014-05-01 00:00:00
Midmarket,United States of America,Velo,Medium,555,120,15,416.25,5550,2014-01-01 00:00:00
Midmarket,United States of America,VTT,High,2567,250,15,5005.65,25670,2014-06-01 00:00:00
Midmarket,United States of America,VTT,Medium,1153,250,15,1037.7,11530,2014-10-01 00:00:00
Small Business,Canada,Amarilla,High,888,260,300,37296,222000,2014-03-01 00:00:00
Small Business,Canada,Amarilla,Low,1916,260,300,11496,479000,2014-12-01 00:00:00
Small Business,Canada,Carretera,High,1496,3,300,62832,374000,2014-10-01 00:00:00
Small Business,Canada,Carretera,Medium,1094,3,300,29538,273500,2014-06-01 00:00:00
Small Business,Canada,Montana,Medium,1283,5,300,30792,320750,2013-09-01 00:00:00
Small Business,Canada,Montana,Medium,3802.5,5,300,102667.5,950625,2014-04-01 00:00:00
Small Business,Canada,Paseo,High,873,10,300,28809,218250,2014-01-01 00:00:00
Small Business,Canada,Paseo,High,1366,10,300,45078,341500,2014-11-01 00:00:00
Small Business,Canada,Paseo,Low,1916,10,300,11496,479000,2014-12-01 00:00:00
Small Business,Canada,Paseo,Medium,1404,10,300,29484,351000,2013-11-01 00:00:00
Small Business,Canada,Paseo,Medium,1702,10,300,35742,425500,2014-05-01 00:00:00
Small Business,Canada,Paseo,Medium,1094,10,300,29538,273500,2014-06-01 00:00:00
Small Business,Canada,Velo,High,269,120,300,11298,67250,2013-10-01 00:00:00
Small Business,Canada,Velo,Medium,3793.5,120,300,102424.5,948375,2014-07-01 00:00:00
Small Business,Canada,VTT,High,269,250,300,11298,67250,2013-10-01 00:00:00
Small Business,Canada,VTT,High,1496,250,300,62832,374000,2014-10-01 00:00:00
Small Business,Canada,VTT,Low,1874,250,300,16866,468500,2014-08-01 00:00:00
Small Business,Canada,VTT,Medium,2436,250,300,43848,609000,2013-12-01 00:00:00
Small Business,Canada,VTT,Medium,2134,250,300,51216,533500,2014-09-01 00:00:00
Small Business,Canada,VTT,None,2001,250,300,0,500250,2014-02-01 00:00:00
Small Business,France,Amarilla,High,2475,260,300,111375,618750,2014-03-01 00:00:00
Small Business,France,Amarilla,High,853,260,300,25590,213250,2014-12-01 00:00:00
Small Business,France,Carretera,Medium,448,3,300,9408,112000,2014-06-01 00:00:00
Small Business,France,Carretera,Medium,2181,3,300,45801,545250,2014-10-01 00:00:00
Small Business,France,Montana,High,1186,5,300,42696,296500,2013-12-01 00:00:00
Small Business,France,Montana,High,1773,5,300,63828,443250,2014-04-01 00:00:00
Small Business,France,Montana,Medium,322,5,300,8694,80500,2013-09-01 00:00:00
Small Business,France,Montana,Medium,1562,5,300,37488,390500,2014-08-01 00:00:00
Small Business,France,Montana,Medium,2181,5,300,45801,545250,2014-10-01 00:00:00
Small Business,France,Paseo,Low,2434.5,10,300,21910.5,608625,2014-01-01 00:00:00
Small Business,France,Paseo,Low,918,10,300,5508,229500,2014-05-01 00:00:00
Small Business,France,Paseo,Medium,448,10,300,9408,112000,2014-06-01 00:00:00
Small Business,France,Paseo,Medium,1324,10,300,35748,331000,2014-11-01 00:00:00
Small Business,France,Velo,High,853,120,300,25590,213250,2014-12-01 00:00:00
Small Business,France,Velo,Medium,1221,120,300,21978,305250,2013-10-01 00:00:00
Small Business,France,Velo,Medium,386,120,300,9264,96500,2013-11-01 00:00:00
Small Business,France,Velo,Medium,1659,120,300,34839,414750,2014-07-01 00:00:00
Small Business,France,VTT,Medium,1221,250,300,21978,305250,2013-10-01 00:00:00
Small Business,France,VTT,Medium,959,250,300,20139,239750,2014-02-01 00:00:00
Small Business,France,VTT,None,2151,250,300,0,537750,2014-09-01 00:00:00
Small Business,Germany,Amarilla,Low,259,260,300,1554,64750,2014-03-01 00:00:00
Small Business,Germany,Amarilla,Medium,1250,260,300,18750,312500,2014-12-01 00:00:00
Small Business,Germany,Carretera,High,2811,3,300,92763,702750,2014-07-01 00:00:00
Small Business,Germany,Carretera,Low,214,3,300,1284,53500,2013-10-01 00:00:00
Small Business,Germany,Carretera,Low,689,3,300,6201,172250,2014-06-01 00:00:00
Small Business,Germany,Carretera,Low,2021,3,300,24252,505250,2014-10-01 00:00:00
Small Business,Germany,Montana,Low,1859,5,300,22308,464750,2014-08-01 00:00:00
Small Business,Germany,Montana,Low,2021,5,300,24252,505250,2014-10-01 00:00:00
Small Business,Germany,Montana,Medium,334,5,300,9018,83500,2013-12-01 00:00:00
Small Business,Germany,Paseo,High,807,10,300,31473,201750,2014-01-01 00:00:00
Small Business,Germany,Paseo,High,1359,10,300,48924,339750,2014-11-01 00:00:00
Small Business,Germany,Paseo,Low,1414.5,10,300,16974,353625,2014-04-01 00:00:00
Small Business,Germany,Paseo,Low,1728,10,300,10368,432000,2014-05-01 00:00:00
Small Business,Germany,Paseo,Low,689,10,300,6201,172250,2014-06-01 00:00:00
Small Business,Germany,Paseo,Medium,1123,10,300,23583,280750,2013-09-01 00:00:00
Small Business,Germany,Velo,High,2536,120,300,106512,634000,2013-11-01 00:00:00
Small Business,Germany,Velo,Medium,1250,120,300,18750,312500,2014-12-01 00:00:00
Small Business,Germany,VTT,Low,214,250,300,1284,53500,2013-10-01 00:00:00
Small Business,Germany,VTT,Low,986,250,300,2958,246500,2014-09-01 00:00:00
Small Business,Germany,VTT,Medium,2659,250,300,71793,664750,2014-02-01 00:00:00
Small Business,Mexico,Amarilla,High,546,260,300,24570,136500,2014-10-01 00:00:00
Small Business,Mexico,Amarilla,Low,1101,260,300,6606,275250,2014-03-01 00:00:00
Small Business,Mexico,Amarilla,Medium,2460,260,300,59040,615000,2014-06-01 00:00:00
Small Business,Mexico,Amarilla,Medium,635,260,300,15240,158750,2014-12-01 00:00:00
Small Business,Mexico,Carretera,High,801,3,300,33642,200250,2014-07-01 00:00:00
Small Business,Mexico,Carretera,Low,494,3,300,1482,123500,2013-10-01 00:00:00
Small Business,Mexico,Montana,High,546,5,300,24570,136500,2014-10-01 00:00:00
Small Business,Mexico,Montana,Medium,1100,5,300,16500,275000,2013-12-01 00:00:00
Small Business,Mexico,Montana,None,958,5,300,0,239500,2014-08-01 00:00:00
Small Business,Mexico,Paseo,High,591,10,300,17730,147750,2014-05-01 00:00:00
Small Business,Mexico,Paseo,High,2150,10,300,77400,537500,2014-11-01 00:00:00
Small Business,Mexico,Paseo,Medium,2565,10,300,69255,641250,2014-01-01 00:00:00
Small Business,Mexico,Paseo,Medium,1607,10,300,24105,401750,2014-04-01 00:00:00
Small Business,Mexico,Paseo,Medium,2460,10,300,59040,615000,2014-06-01 00:00:00
Small Business,Mexico,Paseo,None,788,10,300,0,197000,2013-09-01 00:00:00
Small Business,Mexico,Velo,High,2605,120,300,101595,651250,2013-11-01 00:00:00
Small Business,Mexico,Velo,Medium,635,120,300,15240,158750,2014-12-01 00:00:00
Small Business,Mexico,VTT,High,432,250,300,12960,108000,2014-09-01 00:00:00
Small Business,Mexico,VTT,Low,494,250,300,1482,123500,2013-10-01 00:00:00
Small Business,Mexico,VTT,Medium,2747,250,300,57687,686750,2014-02-01 00:00:00
Small Business,United States of America,Amarilla,High,2993,260,300,89790,748250,2014-03-01 00:00:00
Small Business,United States of America,Amarilla,Medium,1372,260,300,28812,343000,2014-12-01 00:00:00
Small Business,United States of America,Carretera,High,1010,3,300,42420,252500,2014-10-01 00:00:00
Small Business,United States of America,Carretera,Medium,991,3,300,14865,247750,2014-06-01 00:00:00
Small Business,United States of America,Montana,Low,2498,5,300,7494,624500,2013-09-01 00:00:00
Small Business,United States of America,Montana,Low,2301,5,300,6903,575250,2014-04-01 00:00:00
Small Business,United States of America,Paseo,High,3495,10,300,125820,873750,2014-01-01 00:00:00
Small Business,United States of America,Paseo,Low,2918,10,300,35016,729500,2014-05-01 00:00:00
Small Business,United States of America,Paseo,Low,2905,10,300,8715,726250,2014-11-01 00:00:00
Small Business,United States of America,Paseo,Medium,991,10,300,14865,247750,2014-06-01 00:00:00
Small Business,United States of America,Velo,High,2294,120,300,68820,573500,2013-10-01 00:00:00
Small Business,United States of America,Velo,High,2574,120,300,115830,643500,2013-11-01 00:00:00
Small Business,United States of America,Velo,High,2460,120,300,103320,615000,2014-07-01 00:00:00
Small Business,United States of America,Velo,Medium,1372,120,300,28812,343000,2014-12-01 00:00:00
Small Business,United States of America,VTT,High,2294,250,300,68820,573500,2013-10-01 00:00:00
Small Business,United States of America,VTT,High,2541,250,300,106722,635250,2014-08-01 00:00:00
Small Business,United States of America,VTT,High,1010,250,300,42420,252500,2014-10-01 00:00:00
Small Business,United States of America,VTT,Low,2844,250,300,25596,711000,2014-02-01 00:00:00
Small Business,United States of America,VTT,Medium,808,250,300,19392,202000,2013-12-01 00:00:00
Small Business,United States of America,VTT,Medium,1867,250,300,50409,466750,2014-09-01 00:00:00
